annee_survenance,nb_sinistres,montant_eval_tot,montant_regl_tot,montant_eval_moy
2018,1084,216944.05,114554.05,200.13288745387453
2019,5292,1016376.15,574780.19,192.05898526077098
2020,3832,770815.5,442600.05,201.15227035490605
2021,5030,1273378.48,842540.58,253.1567554671968
2022,4322,1279851.01,876275.34,296.124713095789
2023,8203,2555088.7,1633151.98,311.48222601487265
