tranche_age,nb_sinistres,moy_eval,nb_contrats,freq_sin
18-24,2144,202.03909919571043,1701,1.260435038212816
25-34,6811,207.78359444634899,5359,1.2709460720283634
35-44,8508,215.02169960474308,6683,1.2730809516684123
45-54,7799,210.77253115147877,6188,1.2603425985778927
55-64,5267,217.33048012505583,4125,1.276848484848485
65+,3218,212.09316606498194,2479,1.2981040742234773
